<?xml version="1.0" encoding="UTF-8" standalone="no"?><usuarios>
  <usuario>
    <nombre>u</nombre>
    <clave>u</clave>
  </usuario>
  <usuario>
    <nombre>usuario2</nombre>
    <clave>contra</clave>
  </usuario>
  <usuario>
    <nombre>lpsoto</nombre>
    <clave>123456</clave>
  </usuario>
  <usuario>
    <nombre>lpsoto25</nombre>
    <clave>123456</clave>
  </usuario>
  <usuario>
    <nombre>lpsotoCH</nombre>
    <clave>123456</clave>
  </usuario>
  <usuario>
    <nombre>lpsoto88</nombre>
    <clave>123456</clave>
  </usuario>
</usuarios>