
use Clinica_Privada
INSERT INTO Pacientes (N_carnet, Nombre, apellido_1, apellido_2, telefono, correo, Sexo, grupo_Sanguineo, FechaNacimiento, Direccion) VALUES
('C12345678', 'Juan', 'Pérez', 'García', '1234567890', 'juan.perez@example.com', 'Masculino', 'O+', '1985-05-15', 'Calle 1, Ciudad A'),
('C23456789', 'María', 'López', 'Martínez', '0987654321', 'maria.lopez@example.com', 'Femenino', 'A-', '1990-10-20', 'Calle 2, Ciudad B'),
('C34567890', 'Carlos', 'Hernández', 'Rodríguez', '2345678901', 'carlos.hernandez@example.com', 'Masculino', 'B+', '1982-03-25', 'Calle 3, Ciudad C'),
('C45678901', 'Laura', 'Jiménez', 'Vargas', '3456789012', 'laura.jimenez@example.com', 'Femenino', 'AB-', '1995-07-30', 'Calle 4, Ciudad D'),
('C56789012', 'Miguel', 'Sánchez', 'Morales', '4567890123', 'miguel.sanchez@example.com', 'Masculino', 'O-', '1978-01-05', 'Calle 5, Ciudad E'),
('C67890123', 'Ana', 'González', 'Torres', '5678901234', 'ana.gonzalez@example.com', 'Femenino', 'A+', '1988-11-12', 'Calle 6, Ciudad F'),
('C78901234', 'Luis', 'Ramírez', 'Ortega', '6789012345', 'luis.ramirez@example.com', 'Masculino', 'B-', '1984-02-18', 'Calle 7, Ciudad G'),
('C89012345', 'Carmen', 'Mendoza', 'Salazar', '7890123456', 'carmen.mendoza@example.com', 'Femenino', 'AB+', '1993-09-22', 'Calle 8, Ciudad H'),
('C90123456', 'Fernando', 'Castillo', 'Reyes', '8901234567', 'fernando.castillo@example.com', 'Masculino', 'O+', '1980-06-14', 'Calle 9, Ciudad I'),
('C01234567', 'Patricia', 'Moreno', 'Soto', '9012345678', 'patricia.moreno@example.com', 'Femenino', 'A-', '1992-12-02', 'Calle 10, Ciudad J'),
('C12345679', 'Jorge', 'Palacios', 'Núñez', '1234509876', 'jorge.palacios@example.com', 'Masculino', 'B+', '1987-04-08', 'Calle 11, Ciudad K'),
('C23456780', 'Isabel', 'Arroyo', 'Blanco', '0987612345', 'isabel.arroyo@example.com', 'Femenino', 'AB-', '1991-08-19', 'Calle 12, Ciudad L'),
('C34567891', 'Andrés', 'Cruz', 'Vera', '2345671234', 'andres.cruz@example.com', 'Masculino', 'O-', '1983-01-10', 'Calle 13, Ciudad M'),
('C45678902', 'Elena', 'Díaz', 'Jiménez', '3456782345', 'elena.diaz@example.com', 'Femenino', 'A+', '1994-03-15', 'Calle 14, Ciudad N'),
('C56789023', 'Raúl', 'Rojas', 'Zapata', '4567893456', 'raul.rojas@example.com', 'Masculino', 'B-', '1979-02-28', 'Calle 15, Ciudad O'),
('C67890134', 'Sofía', 'Vásquez', 'Mora', '5678904567', 'sofia.vasquez@example.com', 'Femenino', 'AB+', '1996-10-07', 'Calle 16, Ciudad P'),
('C78901245', 'Hugo', 'Cisneros', 'Alcántara', '6789015678', 'hugo.cisneros@example.com', 'Masculino', 'O+', '1981-12-11', 'Calle 17, Ciudad Q'),
('C89012356', 'Valeria', 'Mora', 'Cruz', '7890126789', 'valeria.mora@example.com', 'Femenino', 'A-', '1989-05-22', 'Calle 18, Ciudad R'),
('C90123467', 'Diego', 'Luna', 'Pérez', '8901237890', 'diego.luna@example.com', 'Masculino', 'B+', '1992-11-30', 'Calle 19, Ciudad S'),
('C01234578', 'Gabriela', 'Pérez', 'Moreno', '9012348901', 'gabriela.perez@example.com', 'Femenino', 'AB-', '1986-09-17', 'Calle 20, Ciudad T');


INSERT INTO dbo.Padecimiento (Paciente, Padecimiento, tipo, inicio_sintomas) VALUES
('C12345678', 'Diabetes', 'Crónico', '2020-01-15'),
('C23456789', 'Hipertensión', 'Crónico', '2019-03-22'),
('C34567890', 'Asma', 'Crónico', '2021-05-10'),
('C45678901', 'Migraña', 'Episódico', '2022-07-01'),
('C56789012', 'Alérgico', 'Agudo', '2023-02-19'),
('C67890123', 'Artritis', 'Crónico', '2021-09-05'),
('C78901234', 'Depresión', 'Crónico', '2020-11-12'),
('C89012345', 'Ansiedad', 'Crónico', '2022-01-25'),
('C90123456', 'Resfriado', 'Agudo', '2024-01-03'),
('C01234567', 'Gripe', 'Agudo', '2023-12-20'),
('C12345679', 'Colitis', 'Crónico', '2018-06-18'),
('C23456780', 'Cefalea', 'Episódico', '2022-04-17'),
('C34567891', 'Eczema', 'Crónico', '2023-05-30'),
('C45678902', 'Síndrome de Fatiga Crónica', 'Crónico', '2020-08-08'),
('C56789023', 'Alergia Alimentaria', 'Agudo', '2023-03-10'),
('C67890134', 'Hiperlipidemia', 'Crónico', '2022-09-14'),
('C78901245', 'Apnea del Sueño', 'Crónico', '2021-10-22'),
('C89012356', 'Infección Urinaria', 'Agudo', '2024-02-15'),
('C90123467', 'Tensión Muscular', 'Agudo', '2023-06-07'),
('C01234578', 'Tinnitus', 'Crónico', '2022-11-11'),
('C12345678', 'Cáncer', 'Crónico', '2023-01-01');  -- Repetido para dar más ejemplos

INSERT INTO dbo.Afectacion_Padecimiento (Paciente, Padecimiento, afectacion, gravedad) VALUES
('C12345678', 'Diabetes', 'Control de dieta', 'Media'),
('C23456789', 'Hipertensión', 'Medicamento diario', 'Alta'),
('C34567890', 'Asma', 'Uso de inhalador', 'Media'),
('C45678901', 'Migraña', 'Reposo y medicación', 'Baja'),
('C56789012', 'Alérgico', 'Evitar alérgenos', 'Alta'),
('C67890123', 'Artritis', 'Terapia física', 'Media'),
('C78901234', 'Depresión', 'Terapia psicológica', 'Alta'),
('C89012345', 'Ansiedad', 'Técnicas de relajación', 'Media'),
('C90123456', 'Resfriado', 'Descanso y líquidos', 'Baja'),
('C01234567', 'Gripe', 'Medicamentos antivirales', 'Alta'),
('C12345679', 'Colitis', 'Dieta especial', 'Media'),
('C23456780', 'Cefalea', 'Medicamentos específicos', 'Baja'),
('C34567891', 'Eczema', 'Crema hidratante', 'Media'),
('C45678902', 'Síndrome de Fatiga Crónica', 'Descanso regular', 'Alta'),
('C56789023', 'Alergia Alimentaria', 'Evitar alimentos específicos', 'Alta'),
('C67890134', 'Hiperlipidemia', 'Dieta baja en grasas', 'Media'),
('C78901245', 'Apnea del Sueño', 'Uso de CPAP', 'Alta'),
('C89012356', 'Infección Urinaria', 'Antibióticos', 'Media'),
('C90123467', 'Tensión Muscular', 'Fisioterapia', 'Baja'),
('C01234578', 'Tinnitus', 'Terapia de sonido', 'Media'),
('C12345678', 'Cáncer', 'Quimioterapia', 'Alta');  -- Repetido para dar más ejemplos
INSERT INTO dbo.Peronal_Medico (N_cedula, Nombre, apellido_1, apellido_2, telefono, correo, profesion, especialidad) VALUES
('123456789', 'Juan', 'Pérez', 'González', '555-1234', 'juan.perez@example.com', 'Médico', 'Medicina General'),
('987654321', 'María', 'López', 'Hernández', '555-5678', 'maria.lopez@example.com', 'Enfermera', 'Pediatría'),
('234567890', 'Carlos', 'Ramírez', 'Martínez', '555-8765', 'carlos.ramirez@example.com', 'Médico', 'Cardiología'),
('345678901', 'Ana', 'Torres', 'Jiménez', '555-4321', 'ana.torres@example.com', 'Médico', 'Neurología'),
('456789012', 'José', 'García', 'Molina', '555-3456', 'jose.garcia@example.com', 'Enfermero', 'Urgencias'),
('567890123', 'Lucía', 'Sánchez', 'Cruz', '555-6543', 'lucia.sanchez@example.com', 'Médico', 'Dermatología'),
('678901234', 'Pedro', 'Díaz', 'Vásquez', '555-2345', 'pedro.diaz@example.com', 'Médico', 'Traumatología'),
('789012345', 'Elena', 'Morales', 'Pérez', '555-8764', 'elena.morales@example.com', 'Enfermera', 'Ginecología'),
('890123456', 'Sergio', 'Mendoza', 'Ríos', '555-7890', 'sergio.mendoza@example.com', 'Médico', 'Psiquiatría'),
('901234567', 'Isabel', 'Castillo', 'Alvarado', '555-5670', 'isabel.castillo@example.com', 'Enfermera', 'Oncología'),
('234567891', 'Ricardo', 'Cordero', 'Gutiérrez', '555-0987', 'ricardo.cordero@example.com', 'Médico', 'Geriatría'),
('345678902', 'Patricia', 'Moreno', 'Salazar', '555-3210', 'patricia.moreno@example.com', 'Médico', 'Endocrinología'),
('456789013', 'Victor', 'Alonso', 'Rojas', '555-4567', 'victor.alonso@example.com', 'Médico', 'Neumología'),
('567890124', 'Teresa', 'Ortega', 'Hidalgo', '555-7899', 'teresa.ortega@example.com', 'Enfermera', 'Anestesiología'),
('678901235', 'Andrés', 'Vera', 'Ceballos', '555-1357', 'andres.vera@example.com', 'Médico', 'Otorrinolaringología'),
('789012346', 'Mariana', 'Núñez', 'Márquez', '555-2468', 'mariana.nunez@example.com', 'Enfermera', 'Cirugía'),
('890123457', 'Manuel', 'Escobar', 'Acosta', '555-3579', 'manuel.escobar@example.com', 'Médico', 'Pediatría'),
('901234568', 'Cecilia', 'Silva', 'Tapia', '555-4680', 'cecilia.silva@example.com', 'Médico', 'Infectología'),
('123456780', 'Ángel', 'Rivas', 'Soto', '555-5791', 'angel.rivas@example.com', 'Enfermera', 'Salud Pública'),
('234567892', 'Rocío', 'Gómez', 'Ponce', '555-6802', 'rocio.gomez@example.com', 'Médico', 'Salud Familiar');
INSERT INTO dbo.Cita (Paciente, profesional, fecha, motivo, Duracion, Resultados) VALUES
('C12345678', '123456789', '2024-10-10', 'Consulta general', '01:00:00', 'Sin resultados'),
('C23456789', '987654321', '2024-10-12', 'Chequeo anual', '00:30:00', 'Sin resultados'),
('C34567890', '234567890', '2024-10-15', 'Consulta de rutina', '00:45:00', 'Sin resultados'),
('C45678901', '345678901', '2024-10-18', 'Seguimiento de tratamiento', '01:00:00', 'Sin resultados'),
('C56789012', '456789012', '2024-10-20', 'Control de diabetes', '01:30:00', 'Sin resultados'),
('C67890123', '567890123', '2024-10-22', 'Consulta de alergias', '00:50:00', 'Sin resultados'),
('C78901234', '678901234', '2024-10-25', 'Evaluación neurológica', '01:15:00', 'Sin resultados'),
('C89012345', '789012345', '2024-10-28', 'Chequeo de hipertensión', '00:40:00', 'Sin resultados'),
('C90123456', '890123456', '2024-10-30', 'Consulta de resfriado', '00:30:00', 'Sin resultados'),
('C01234567', '901234567', '2024-11-02', 'Evaluación de estrés', '00:55:00', 'Sin resultados'),
('C12345679', '234567891', '2024-11-05', 'Consulta de piel', '01:00:00', 'Sin resultados'),
('C23456780', '345678902', '2024-11-08', 'Chequeo de embarazo', '01:30:00', 'Sin resultados'),
('C34567891', '456789013', '2024-11-10', 'Consulta de fatiga', '01:15:00', 'Sin resultados'),
('C45678902', '567890124', '2024-11-12', 'Consulta de tensión alta', '00:45:00', 'Sin resultados'),
('C56789023', '678901235', '2024-11-15', 'Revisión dental', '01:00:00', 'Sin resultados'),
('C67890134', '789012346', '2024-11-18', 'Consulta de espalda', '00:40:00', 'Sin resultados'),
('C78901245', '890123457', '2024-11-20', 'Chequeo de colesterol', '01:10:00', 'Sin resultados'),
('C89012356', '901234568', '2024-11-22', 'Consulta de sueño', '00:50:00', 'Sin resultados'),
('C90123467', '123456780', '2024-11-25', 'Consulta de tos', '00:30:00', 'Sin resultados'),
('C01234578', '234567892', '2024-11-27', 'Consulta de alergias', '00:45:00', 'Sin resultados');
INSERT INTO dbo.Medicamentos (nombre, patogeno) VALUES
('Amoxicilina', 'Bacterias'),
('Ibuprofeno', 'Inflamación'),
('Paracetamol', 'Fiebre'),
('Metformina', 'Diabetes'),
('Lisinopril', 'Hipertensión'),
('Amlodipino', 'Hipertensión'),
('Atorvastatina', 'Colesterol'),
('Omeprazol', 'Acidez'),
('Sildenafil', 'Disfunción eréctil'),
('Ciprofloxacino', 'Infecciones bacterianas'),
('Losartán', 'Hipertensión'),
('Clindamicina', 'Infecciones bacterianas'),
('Sertralina', 'Depresión'),
('Simvastatina', 'Colesterol'),
('Levotiroxina', 'Hipotiroidismo'),
('Dexametasona', 'Inflamación'),
('Aciclovir', 'Virus'),
('Ranitidina', 'Acidez'),
('Fluoxetina', 'Depresión'),
('Tamsulosina', 'Problemas prostáticos');
INSERT INTO dbo.Efectos_Secundario (medicamento, efecto) VALUES
('Amoxicilina', 'Náuseas'),
('Amoxicilina', 'Diarrhea'),
('Ibuprofeno', 'Dolor de estómago'),
('Ibuprofeno', 'Mareos'),
('Paracetamol', 'Reacciones alérgicas'),
('Metformina', 'Problemas gastrointestinales'),
('Lisinopril', 'Tos seca'),
('Amlodipino', 'Edema'),
('Atorvastatina', 'Dolor muscular'),
('Omeprazol', 'Dolor de cabeza'),
('Sildenafil', 'Enrojecimiento facial'),
('Ciprofloxacino', 'Tendinitis'),
('Losartán', 'Mareos'),
('Clindamicina', 'Diarrea'),
('Sertralina', 'Insomnio'),
('Simvastatina', 'Dolores musculares'),
('Levotiroxina', 'Palpitaciones'),
('Dexametasona', 'Aumento de peso'),
('Aciclovir', 'Náuseas'),
('Ranitidina', 'Confusión'),
('Fluoxetina', 'Somnolencia');
INSERT INTO dbo.Resultado_Cita (Paciente, profesional, fecha, resultado) VALUES
('C12345678', '123456789', '2024-10-10', 'Resultados normales'),
('C23456789', '987654321', '2024-10-12', 'Se requiere seguimiento'),
('C34567890', '234567890', '2024-10-15', 'Sin hallazgos significativos'),
('C45678901', '345678901', '2024-10-18', 'Mejoría en síntomas'),
('C56789012', '456789012', '2024-10-20', 'Control de medicación recomendado'),
('C67890123', '567890123', '2024-10-22', 'Resultados positivos para alergias'),
('C78901234', '678901234', '2024-10-25', 'Referencia a especialista necesaria'),
('C89012345', '789012345', '2024-10-28', 'Sin cambios en el estado de salud'),
('C90123456', '890123456', '2024-11-02', 'Tratamiento efectivo'),
('C01234567', '901234567', '2024-11-05', 'Consulta programada para revisión'),
('C12345679', '234567891', '2024-11-08', 'Resultados inconclusos'),
('C23456780', '345678902', '2024-11-10', 'Se sugiere cambio de medicación'),
('C34567891', '456789013', '2024-11-12', 'Control de síntomas recomendado'),
('C45678902', '567890124', '2024-11-15', 'Consulta de seguimiento programada'),
('C56789023', '678901235', '2024-11-18', 'Diagnóstico de alergias confirmado'),
('C67890134', '789012346', '2024-11-20', 'Sin novedades en los análisis'),
('C78901245', '890123457', '2024-11-22', 'Se recomienda descanso'),
('C89012356', '901234568', '2024-11-25', 'Análisis en curso'),
('C90123467', '123456780', '2024-11-27', 'Consulta a cardiología recomendada'),
('C01234578', '234567892', '2024-11-30', 'Mejoría en los síntomas observada');
INSERT INTO dbo.tratamientos_Cita (Paciente, profesional, fecha, tratamiento) VALUES
('C12345678', '123456789', '2024-10-10', 'Rehabilitación física'),
('C23456789', '987654321', '2024-10-12', 'Terapia ocupacional'),
('C34567890', '234567890', '2024-10-15', 'Control de dieta'),
('C45678901', '345678901', '2024-10-18', 'Medicamento A - 500 mg'),
('C56789012', '456789012', '2024-10-20', 'Medicamento B - 250 mg'),
('C67890123', '567890123', '2024-10-22', 'Inyección de vitaminas'),
('C78901234', '678901234', '2024-10-25', 'Tratamiento psicológico'),
('C89012345', '789012345', '2024-10-28', 'Sesión de masajes terapéuticos'),
('C90123456', '890123456', '2024-11-02', 'Control de estrés'),
('C01234567', '901234567', '2024-11-05', 'Suplemento nutricional'),
('C12345679', '234567891', '2024-11-08', 'Terapia física'),
('C23456780', '345678902', '2024-11-10', 'Medicamento C - 100 mg'),
('C34567891', '456789013', '2024-11-12', 'Sesión de acupuntura'),
('C45678902', '567890124', '2024-11-15', 'Control de medicación'),
('C56789023', '678901235', '2024-11-18', 'Vacuna contra la gripe'),
('C67890134', '789012346', '2024-11-20', 'Tratamiento de fisioterapia'),
('C78901245', '890123457', '2024-11-22', 'Revisión de salud general'),
('C89012356', '901234568', '2024-11-25', 'Medicamento D - 300 mg'),
('C90123467', '123456780', '2024-11-27', 'Consejería dietética'),
('C01234578', '234567892', '2024-11-30', 'Sesión de terapia grupal');
INSERT INTO dbo.Medicamento_Cita (Paciente, profesional, fecha, medicamentos, duracion) VALUES
('C12345678', '123456789', '2024-10-10', 'Amoxicilina', '01:00:00'),
('C23456789', '987654321', '2024-10-12', 'Ibuprofeno', '02:00:00'),
('C34567890', '234567890', '2024-10-15', 'Paracetamol', '03:00:00'),
('C45678901', '345678901', '2024-10-18', 'Metformina', '01:30:00'),
('C56789012', '456789012', '2024-10-20', 'Lisinopril', '02:30:00'),
('C67890123', '567890123', '2024-10-22', 'Amlodipino', '01:15:00'),
('C78901234', '678901234', '2024-10-25', 'Atorvastatina', '02:45:00'),
('C89012345', '789012345', '2024-10-28', 'Omeprazol', '03:00:00'),
('C90123456', '890123456', '2024-11-02', 'Sildenafil', '01:20:00'),
('C01234567', '901234567', '2024-11-05', 'Ciprofloxacino', '02:10:00'),
('C12345679', '234567891', '2024-11-08', 'Losartán', '01:40:00'),
('C23456780', '345678902', '2024-11-10', 'Clindamicina', '02:20:00'),
('C34567891', '456789013', '2024-11-12', 'Sertralina', '03:15:00'),
('C45678902', '567890124', '2024-11-15', 'Simvastatina', '01:50:00'),
('C56789023', '678901235', '2024-11-18', 'Levotiroxina', '02:35:00'),
('C67890134', '789012346', '2024-11-20', 'Dexametasona', '03:10:00'),
('C78901245', '890123457', '2024-11-22', 'Aciclovir', '01:25:00'),
('C89012356', '901234568', '2024-11-25', 'Ranitidina', '02:15:00'),
('C90123467', '123456780', '2024-11-27', 'Fluoxetina', '03:00:00'),
('C01234578', '234567892', '2024-11-30', 'Tamsulosina', '01:05:00');
INSERT INTO dbo.Procedimiento (Paciente, profesional, fecha, Duracion, epicrisis) VALUES
('C12345678', '123456789', '2024-10-10', '01:00:00', 'Procedimiento realizado sin complicaciones.'),
('C23456789', '987654321', '2024-10-12', '02:00:00', 'Revisión de estado de salud general.'),
('C34567890', '234567890', '2024-10-15', '03:00:00', 'Procedimiento menor con anestesia local.'),
('C45678901', '345678901', '2024-10-18', '01:30:00', 'Consulta para tratamiento de diabetes.'),
('C56789012', '456789012', '2024-10-20', '02:30:00', 'Evaluación de hipertensión arterial.'),
('C67890123', '567890123', '2024-10-22', '01:15:00', 'Procedimiento de cirugía menor.'),
('C78901234', '678901234', '2024-10-25', '02:45:00', 'Consulta médica general.'),
('C89012345', '789012345', '2024-10-28', '03:00:00', 'Control de colesterol y triglicéridos.'),
('C90123456', '890123456', '2024-11-02', '01:20:00', 'Procedimiento de diagnóstico.'),
('C01234567', '901234567', '2024-11-05', '02:10:00', 'Revisión de medicación y efectos secundarios.'),
('C12345679', '234567891', '2024-11-08', '01:40:00', 'Tratamiento de seguimiento para depresión.'),
('C23456780', '345678902', '2024-11-10', '02:20:00', 'Consulta de salud mental.'),
('C34567891', '456789013', '2024-11-12', '03:15:00', 'Evaluación del estado de salud prostático.'),
('C45678902', '567890124', '2024-11-15', '01:50:00', 'Control postoperatorio.'),
('C56789023', '678901235', '2024-11-18', '02:35:00', 'Consulta para tratamiento de acidez.'),
('C67890134', '789012346', '2024-11-20', '03:10:00', 'Revisión y ajuste de medicación.'),
('C78901245', '890123457', '2024-11-22', '01:25:00', 'Consulta para tratamiento de infecciones.'),
('C89012356', '901234568', '2024-11-25', '02:15:00', 'Evaluación de resultados de laboratorio.'),
('C90123467', '123456780', '2024-11-27', '03:00:00', 'Procedimiento de seguimiento.'),
('C01234578', '234567892', '2024-11-30', '01:05:00', 'Consulta de rutina.');
INSERT INTO dbo.Tratamiento_Procedimiento (Paciente, Profesional, Fecha, Tratamiento) VALUES
('123456789', '123456789', '2024-01-15', 'Antibiótico'),
('234567890', '987654321', '2024-02-20', 'Control de Diabetes'),
('345678901', '234567890', '2024-03-10', 'Rehabilitación'),
('456789012', '345678901', '2024-04-05', 'Consulta de seguimiento'),
('567890123', '456789012', '2024-05-12', 'Vacunación'),
('678901234', '567890123', '2024-06-18', 'Tratamiento de alergia'),
('789012345', '678901234', '2024-07-25', 'Consulta ginecológica'),
('890123456', '789012345', '2024-08-30', 'Evaluación psiquiátrica'),
('901234567', '890123456', '2024-09-10', 'Control de hipertensión'),
('123456780', '901234567', '2024-10-05', 'Seguimiento postquirúrgico');
INSERT INTO dbo.Medicamento_Procedimiento (Paciente, Profesional, Fecha, Medicamentos, Duracion) VALUES
('123456789', '123456789', '2024-01-15', 'Amoxicilina', '1:00:00'),
('234567890', '987654321', '2024-02-20', 'Ibuprofeno', '0:30:00'),
('345678901', '234567890', '2024-03-10', 'Metformina', '24:00:00'),
('456789012', '345678901', '2024-04-05', 'Lisinopril', '12:00:00'),
('567890123', '456789012', '2024-05-12', 'Atorvastatina', '24:00:00'),
('678901234', '567890123', '2024-06-18', 'Omeprazol', '8:00:00'),
('789012345', '678901234', '2024-07-25', 'Sildenafil', '4:00:00'),
('890123456', '789012345', '2024-08-30', 'Ciprofloxacino', '7:00:00'),
('901234567', '890123456', '2024-09-10', 'Sertralina', '24:00:00'),
('123456780', '901234567', '2024-10-05', 'Dexametasona', '1:00:00');
