<?xml version="1.0" encoding="UTF-8" standalone="no"?>
<partidasJuego>
            
    
    <partida>
                        
        
        <tipo>E</tipo>
                        
        
        <númerosCantados>[4, 27, 8, 44, 53, 54, 68, 52, 30, 57, 18, 60, 65, 42, 1, 24, 70, 3, 69, 67, 51, 6, 13, 16, 12, 45, 37, 40, 5, 34, 46, 26, 74, 73, 61, 28, 14, 47, 17, 22, 71]</númerosCantados>
                        
        
        <ganadores>703100722</ganadores>
                        
        
        <fecha>2023-10-18</fecha>
                        
        
        <hora>23:51:57</hora>
                    
    
    </partida>
        
    
    <partida>
                
        <tipo>E</tipo>
                
        <númerosCantados>[27, 20, 71, 37, 51, 4, 43, 39, 3, 67, 26, 74, 69, 49, 29, 10, 12, 23, 30, 63, 7, 59, 6, 41, 64, 36, 28, 62, 48, 9, 1, 73, 75, 72, 53, 16, 61, 54, 50, 66, 65, 34, 11, 8, 35, 33, 46, 40, 19, 68]</númerosCantados>
                
        <ganadores>703100722</ganadores>
                
        <fecha>2023-10-19</fecha>
                
        <hora>00:08:21</hora>
            
    </partida>
    
    <partida>
        <tipo>X</tipo>
        <númerosCantados>[68, 58, 37, 8, 40, 49, 39, 50, 55, 42, 63, 51, 52, 11, 1, 21, 45, 9, 15, 59, 65, 70, 7, 56, 74, 6, 33, 75, 4, 34, 57, 61, 54, 29, 19, 36, 26, 30, 43, 69, 67, 47, 44, 28, 18, 5, 20, 35, 10, 17, 72, 60, 62, 16, 46, 71, 53, 14, 66, 73, 3, 12, 25, 48, 32, 64, 38, 22]</númerosCantados>
        <ganadores>703100722</ganadores>
        <fecha>2023-10-19</fecha>
        <hora>00:11:19</hora>
    </partida>
</partidasJuego>
